{
  "Test" : {
    "transaction" : "Test",
    "sampleCount" : 100,
    "errorCount" : 1,
    "errorPct" : 1.0,
    "meanResTime" : 31787.390000000003,
    "medianResTime" : 32341.5,
    "minResTime" : 17700.0,
    "maxResTime" : 42054.0,
    "pct1ResTime" : 40257.6,
    "pct2ResTime" : 40776.3,
    "pct3ResTime" : 42049.579999999994,
    "throughput" : 2.358880003774208,
    "receivedKBytesPerSec" : 1494.5107664443422,
    "sentKBytesPerSec" : 10.412036443221758
  },
  "Total" : {
    "transaction" : "Total",
    "sampleCount" : 400,
    "errorCount" : 1,
    "errorPct" : 0.25,
    "meanResTime" : 7946.847499999995,
    "medianResTime" : 6751.5,
    "minResTime" : 3099.0,
    "maxResTime" : 21059.0,
    "pct1ResTime" : 15168.700000000012,
    "pct2ResTime" : 17557.45,
    "pct3ResTime" : 19959.160000000003,
    "throughput" : 1.7478468711356197,
    "receivedKBytesPerSec" : 276.84493942345085,
    "sentKBytesPerSec" : 1.9287379275670409
  },
  "contact" : {
    "transaction" : "contact",
    "sampleCount" : 100,
    "errorCount" : 0,
    "errorPct" : 0.0,
    "meanResTime" : 4566.340000000001,
    "medianResTime" : 4063.5,
    "minResTime" : 3483.0,
    "maxResTime" : 11553.0,
    "pct1ResTime" : 6515.400000000001,
    "pct2ResTime" : 7191.349999999997,
    "pct3ResTime" : 11534.859999999991,
    "throughput" : 3.7169194171870354,
    "receivedKBytesPerSec" : 651.2660248592217,
    "sentKBytesPerSec" : 4.747783786797502
  },
  "about" : {
    "transaction" : "about",
    "sampleCount" : 100,
    "errorCount" : 0,
    "errorPct" : 0.0,
    "meanResTime" : 4484.990000000001,
    "medianResTime" : 3803.5,
    "minResTime" : 3099.0,
    "maxResTime" : 8402.0,
    "pct1ResTime" : 6765.000000000001,
    "pct2ResTime" : 7505.299999999998,
    "pct3ResTime" : 8400.65,
    "throughput" : 3.8626443663331917,
    "receivedKBytesPerSec" : 528.4659915287381,
    "sentKBytesPerSec" : 4.926380412530419
  },
  "services" : {
    "transaction" : "services",
    "sampleCount" : 100,
    "errorCount" : 1,
    "errorPct" : 1.0,
    "meanResTime" : 9269.999999999998,
    "medianResTime" : 8863.0,
    "minResTime" : 3985.0,
    "maxResTime" : 21059.0,
    "pct1ResTime" : 12619.300000000001,
    "pct2ResTime" : 13416.099999999999,
    "pct3ResTime" : 20991.159999999967,
    "throughput" : 3.7349667587958466,
    "receivedKBytesPerSec" : 695.2647916355419,
    "sentKBytesPerSec" : 4.726739035538208
  },
  "products" : {
    "transaction" : "products",
    "sampleCount" : 100,
    "errorCount" : 0,
    "errorPct" : 0.0,
    "meanResTime" : 13466.060000000001,
    "medianResTime" : 13027.0,
    "minResTime" : 6386.0,
    "maxResTime" : 20691.0,
    "pct1ResTime" : 18851.2,
    "pct2ResTime" : 19739.95,
    "pct3ResTime" : 20684.229999999996,
    "throughput" : 4.816491667469416,
    "receivedKBytesPerSec" : 652.08834424068,
    "sentKBytesPerSec" : 2.8691991378479913
  }
}